,People,"Bedford County, Pennsylvania","Beaver County, Pennsylvania","Armstrong County, Pennsylvania","Allegheny County, Pennsylvania","Adams County, Pennsylvania","Cameron County, Pennsylvania","Cambria County, Pennsylvania","Butler County, Pennsylvania","Bucks County, Pennsylvania","Bradford County, Pennsylvania","Blair County, Pennsylvania","Clinton County, Pennsylvania","Clearfield County, Pennsylvania","Clarion County, Pennsylvania","Chester County, Pennsylvania","Centre County, Pennsylvania","Carbon County, Pennsylvania","Elk County, Pennsylvania","Delaware County, Pennsylvania","Dauphin County, Pennsylvania","Cumberland County, Pennsylvania","Crawford County, Pennsylvania","Columbia County, Pennsylvania","Greene County, Pennsylvania","Fulton County, Pennsylvania","Franklin County, Pennsylvania","Forest County, Pennsylvania","Fayette County, Pennsylvania","Erie County, Pennsylvania","Lancaster County, Pennsylvania","Juniata County, Pennsylvania","Lackawanna County, Pennsylvania","Jefferson County, Pennsylvania","Indiana County, Pennsylvania","Huntingdon County, Pennsylvania","McKean County, Pennsylvania","Lycoming County, Pennsylvania","Luzerne County, Pennsylvania","Lehigh County, Pennsylvania","Lebanon County, Pennsylvania","Lawrence County, Pennsylvania","Northampton County, Pennsylvania","Montour County, Pennsylvania","Montgomery County, Pennsylvania","Monroe County, Pennsylvania","Mifflin County, Pennsylvania","Mercer County, Pennsylvania","Schuylkill County, Pennsylvania","Potter County, Pennsylvania","Pike County, Pennsylvania","Philadelphia County, Pennsylvania","Perry County, Pennsylvania","Northumberland County, Pennsylvania","Union County, Pennsylvania","Susquehanna County, Pennsylvania","Tioga County, Pennsylvania","Somerset County, Pennsylvania","Sullivan County, Pennsylvania","Snyder County, Pennsylvania","York County, Pennsylvania","Westmoreland County, Pennsylvania","Washington County, Pennsylvania","Wayne County, Pennsylvania","Warren County, Pennsylvania","Venango County, Pennsylvania","Wyoming County, Pennsylvania",Pennsylvania1,"Population estimates, July 1, 2015,  (V2015)",48586,168871,67052,1230459,102295,4732,136411,186818,627367,61281,125593,39441,80994,39498,515939,160580,63960,30872,563894,272983,246338,86484,66672,37519,14629,153638,7410,133628,278045,536624,24737,211917,44430,86966,45668,42412,116048,318449,360685,137067,88082,300813,18557,819264,166397,46500,114234,144590,17093,55949,1567442,45685,93246,44954,41666,41877,75522,6328,40444,442867,357956,208261,51198,40396,53119,27800,128025032,"Population estimates base, April 1, 2010,  (V2015)",49768,170539,68938,1223348,101417,5085,143674,183862,625255,62622,127078,39241,81644,39989,499146,153981,65250,31946,558726,268100,235408,88765,67296,38686,14844,149618,7716,136607,280566,519448,24636,214436,45199,88893,46027,43450,116108,320918,349626,133577,91140,297735,18267,799884,169842,46683,116674,148289,17458,57366,1526006,45965,94514,44949,43356,41983,77748,6428,39709,434998,365169,207820,52825,41815,54983,28276,127028873,"Population, percent change - April 1, 2010 (estimates base) to July 1, 2015,  (V2015)",-2.4,-1,-2.7,0.6,0.9,-6.9,-5.1,1.6,0.3,-2.1,-1.2,0.5,-0.8,-1.2,3.4,4.3,-2,-3.4,0.9,1.8,4.6,-2.6,-0.9,-3,-1.4,2.7,-4,-2.2,-0.9,3.3,0.4,-1.2,-1.7,-2.2,-0.8,-2.4,-0.1,-0.8,3.2,2.6,-3.4,1,1.6,2.4,-2,-0.4,-2.1,-2.5,-2.1,-2.5,2.7,-0.6,-1.3,Z,-3.9,-0.3,-2.9,-1.6,1.9,1.8,-2,0.2,-3.1,-3.4,-3.4,-1.7,0.84,"Population, Census, April 1, 2010",49762,170539,68941,1223348,101407,5085,143679,183862,625249,62622,127089,39238,81642,39988,498886,153990,65249,31946,558979,268100,235406,88765,67295,38686,14845,149618,7716,136606,280566,519445,24636,214437,45200,88880,45913,43450,116111,320918,349497,133568,91108,297735,18267,799874,169842,46682,116638,148289,17457,57369,1526006,45969,94528,44947,43356,41981,77742,6428,39702,434972,365169,207820,52822,41815,54984,28276,127023796,"Persons under 5 years, percent, July 1, 2015,  (V2015)",5,5.1,4.9,5.3,5.1,4.6,4.9,5,4.9,5.8,5.6,5.7,4.7,5,5.7,4,4.7,4.7,5.9,6.2,5.3,5.4,4.5,5.1,5.1,6.1,1.3,5.2,5.8,6.6,5.4,5.3,5.7,4.9,4.6,5.2,5.7,5,5.9,6.1,5.2,4.9,5.5,5.5,4.5,6,5,4.7,5.7,3.6,7,5.7,5.2,4.5,4.9,5.5,4.4,3.5,5.5,5.7,4.6,5,4.1,5,5.2,5,5.67,"Persons under 5 years, percent, April 1, 2010",5.3,5.3,5.2,5.2,5.5,4.3,5,5.4,5.5,6,5.7,5.6,5,5.1,6.2,4.4,5.3,4.8,6.1,6.3,5.4,5.7,4.8,5,6.2,6.6,2.4,5,6,6.8,6.3,5.4,5.7,5.1,5.4,5.5,5.6,5.2,6.1,6.3,5.3,5.5,5.7,5.9,5.1,6.3,5.1,5.2,5.6,4.9,6.6,6,5.6,4.7,5,5.3,4.8,4,6.1,6.1,4.8,5.1,4.1,5,5.6,5.4,5.78,"Persons under 18 years, percent, July 1, 2015,  (V2015)",20.4,19.6,19.4,19,20.6,17.2,19.3,20.6,21.1,21.9,20.7,20.5,18.5,18.5,23.3,15.2,19.7,19.5,22.3,22.5,20.3,21.2,17.8,19.2,21.1,22.7,6.2,19.5,21.8,24,22.4,20.1,21.1,18.2,18.8,20.1,20.5,19.6,22.8,22.9,20.2,20.4,20.3,21.8,20.6,22.5,20,19.5,21.3,19.3,22.1,21.8,19.8,18.1,19.6,19.9,18.2,12.1,21.8,22.4,18.7,19.8,17.4,19.7,20.2,20.3,219,"Persons under 18 years, percent, April 1, 2010",21.6,20.5,20.6,19.8,22.1,19.4,19.7,22.4,23,22.7,21.1,20.7,20,19.4,24.9,15.9,20.8,20.8,23.3,23.2,20.7,22.4,18.7,19.9,23.1,23.9,12.4,20.3,22.7,24.8,24,20.5,21.6,19,20.1,21.1,20.9,20.2,23.7,23,21.2,21.9,21.2,22.9,23.9,23.1,21.6,20.1,22.3,23.3,22.5,23.3,20.6,18.5,21.1,20.5,19.5,16,22.4,23.5,19.9,20.5,19,20.8,21.5,21.7,2210,"Persons 65 years and over, percent,  July 1, 2015,  (V2015)",20.9,20.1,20.7,17.7,18.8,24.7,20.9,17.4,17.2,19.9,19.8,17.5,19.3,18,15,12.7,20,20.9,15.3,15.6,17.4,18.8,17.7,17.5,19.9,18.6,22,19.9,16.1,16.7,20.1,19.1,19.8,17.6,19.2,18.3,17.9,19.2,16.1,18.7,20.3,17.8,20.1,16.8,15.5,20.6,20.3,19.6,22.3,21.2,12.7,16.4,20.1,16.4,20.7,20.1,21,27.1,17.1,16.2,21.2,19.3,21.2,21.1,20.4,19.1,1711,"Persons 65 years and over, percent, April 1, 2010",19,18.6,18.4,16.8,15.7,21.4,18.8,15.1,14.6,17.8,17.7,16.2,17.5,16.4,12.8,11.3,17.8,19,14.3,13.7,15.6,16.6,16.1,15.3,17.1,16.5,18.4,18,14.6,15,16.8,17.7,18.3,15.7,16.2,17,16.5,17.9,14.8,17,18.8,15.7,18.6,15.1,12.8,18.5,18.5,18.1,19.5,16.2,12.1,13.7,18.5,14.8,18.1,18,18.6,24.2,15.5,14,18.9,17.5,19,18.7,18,16,15.412,"Female persons, percent,  July 1, 2015,  (V2015)",50.1,51.6,50.3,51.7,50.6,50.6,50.8,50.7,51,50.4,51.2,51.1,47.7,51.3,50.8,47.4,50.5,49.8,52,51.5,50.5,51.1,51.6,47.9,49.5,50.9,32.5,50.6,50.6,51.1,50,51.7,50.2,50.1,46.8,48.8,50.8,50.6,51.2,50.8,51.6,50.9,52.3,51.4,50.6,50.9,50.8,48.9,50.2,49.8,52.7,49.6,49.8,45,49.6,50.4,48,47.4,50.6,50.6,51.1,51,46.8,49.8,50.8,49.5,51.113,"Female persons, percent, April 1, 2010",50.4,51.8,50.7,52.1,50.8,50.9,50.6,50.8,51,50.8,51.4,51,48.4,51.6,50.9,48.2,50.7,50.3,52.1,51.7,50.9,51.2,52,48.5,49.7,51.1,33.1,50.9,50.8,51.1,50.1,51.9,50.7,50.3,47.1,49,51,51.1,51.6,51.2,51.8,51.2,51.9,51.5,50.6,51.1,51,49.3,50,50,52.8,49.8,50.1,45,49.7,51,48.5,48.6,50.6,50.7,51.3,51.4,47.6,50.2,51.1,50,51.315,"White alone, percent, July 1, 2015,  (V2015)  (a)",97.8,91,97.8,80.7,95.3,97.7,94.2,96.3,89.1,97.3,95.8,96.4,95.2,96.7,86.4,88.4,96,98.3,70.6,73.6,89.8,96,95.5,94.6,97.3,92.8,79,92.9,88.1,90.4,97.5,92.2,97.9,94.8,92.5,95.5,92.3,91.4,84.2,93.4,93.3,88,94.1,80.6,79.1,97.3,91.6,94.8,97.8,89.9,45.1,97.1,95.4,88.7,97.9,97.2,95.9,94.6,97,89.5,95,93.9,94.3,97.8,96.9,97.1,82.616,"White alone, percent, April 1, 2010  (a)",98,91.2,98,81.5,93.7,98.3,94.1,96.6,89.2,97.5,96.2,96.5,95.4,97.2,85.5,89.4,95.8,98.5,72.5,72.7,90.9,96.3,95.4,94.6,97.3,92,76.9,93.3,88.2,88.6,96.8,92,98.3,94.9,92.5,95.9,92.6,90.7,79.1,91,93.8,86.3,95.3,81.1,77.2,97.5,91.6,94.4,98.1,88.6,41,97.4,95.4,87.7,98,97.3,96,95.9,96.9,88.5,95.3,94.1,94.2,98.1,97.1,97.4,81.917,"Black or African American alone, percent, July 1, 2015,  (V2015)  (a)",0.7,6.4,0.9,13.4,2,0.5,3.6,1.3,4.2,0.6,1.9,1.7,3,1.3,6.4,3.9,1.9,0.5,21.4,18.8,4,1.9,2.1,3.6,1.2,3.9,19.4,4.8,7.7,4.9,0.8,3.4,0.5,2.9,5.6,2.7,4.8,5.1,8.8,3.3,4.1,6.4,1.7,9.5,15.3,0.8,5.9,3.3,0.5,6.4,44,0.9,2.6,7.8,0.6,0.9,2.9,3.6,1.3,6.6,2.5,3.2,3.7,0.5,1.2,1,11.718,"Black or African American alone, percent, April 1, 2010  (a)",0.5,6.3,0.8,13.2,1.5,0.3,3.6,1.1,3.6,0.5,1.7,1.6,2.3,1.2,6.1,3,1.5,0.3,19.7,18,3.2,1.7,1.9,3.3,1,3.1,18,4.6,7.2,3.7,0.6,2.5,0.3,2.7,5.2,2.4,4.5,3.4,6.1,2.2,3.8,5,1.4,8.7,13.2,0.6,5.8,2.7,0.4,5.8,43.4,0.6,2,7.4,0.4,0.8,2.4,2.6,1.1,5.6,2.3,3.3,3.1,0.4,1,0.7,10.819,"American Indian and Alaska Native alone, percent, July 1, 2015,  (V2015)  (a)",0.2,0.1,0.1,0.2,0.4,0.4,0.1,0.1,0.3,0.3,0.2,0.2,0.2,0.2,0.3,0.2,0.3,0.1,0.2,0.4,0.2,0.2,0.2,0.2,0.2,0.3,0.5,0.2,0.3,0.4,0.3,0.3,0.3,0.2,0.1,0.3,0.2,0.4,0.8,0.3,0.1,0.4,0.1,0.2,0.5,0.1,0.2,0.3,0.4,0.5,0.8,0.2,0.3,0.5,0.2,0.3,0.1,0.5,0.2,0.3,0.1,0.2,0.3,0.3,0.2,0.3,0.420,"American Indian and Alaska Native alone, percent, April 1, 2010  (a)",0.2,0.1,0.1,0.1,0.2,0.3,0.1,0.1,0.2,0.2,0.1,0.1,0.1,0.1,0.2,0.1,0.2,0.1,0.2,0.2,0.2,0.2,0.1,0.2,0.2,0.2,0.2,0.1,0.2,0.2,0.1,0.2,0.2,0.1,0.1,0.2,0.2,0.2,0.4,0.2,0.1,0.2,0.1,0.1,0.3,0.1,0.1,0.1,0.3,0.3,0.5,0.2,0.2,0.4,0.1,0.2,0.1,0.4,0.1,0.2,0.1,0.1,0.2,0.2,0.2,0.2,0.221,"Asian alone, percent, July 1, 2015,  (V2015)  (a)",0.3,0.5,0.3,3.6,0.9,0.3,0.6,1.2,4.8,0.6,0.7,0.7,0.7,0.8,5.1,5.8,0.6,0.4,5.6,4.1,3.9,0.5,1.2,0.4,0.1,1.1,0.2,0.4,1.6,2.3,0.5,2.4,0.3,1.1,0.6,0.6,0.6,1.3,3.6,1.4,0.5,3,3.1,7.6,2.4,0.6,0.7,0.6,0.4,1.4,7.4,0.5,0.5,1.6,0.4,0.6,0.4,0.4,0.7,1.5,0.9,1,0.6,0.5,0.4,0.6,3.422,"Asian alone, percent, April 1, 2010  (a)",0.2,0.4,0.2,2.8,0.7,0.3,0.5,1,3.8,0.5,0.6,0.5,0.5,0.5,3.9,5.2,0.5,0.3,4.7,3.2,3,0.5,0.8,0.3,0.1,0.9,0.2,0.3,1.1,1.9,0.3,1.7,0.2,0.9,0.4,0.4,0.6,1,2.9,1.1,0.4,2.4,1.8,6.4,2.1,0.4,0.6,0.5,0.3,1,6.3,0.4,0.4,1.2,0.3,0.4,0.3,0.3,0.5,1.2,0.7,0.6,0.5,0.4,0.4,0.3,2.725,"Two or More Races, percent, July 1, 2015,  (V2015)",1,1.9,0.9,2.1,1.4,1.1,1.5,1.1,1.6,1.1,1.4,1,0.9,1,1.8,1.8,1.1,0.7,2.1,3.1,2,1.3,1,1.2,1.1,1.9,0.9,1.6,2.2,1.9,0.9,1.6,1,1,1.2,1,1.9,1.6,2.5,1.5,1.9,2.1,1,2,2.6,1.1,1.6,1.1,0.9,1.8,2.6,1.2,1.2,1.3,0.9,1.1,0.7,1,0.9,2.1,1.4,1.7,1.1,0.8,1.1,1.1,1.926,"Two or More Races, percent, April 1, 2010",0.8,1.7,0.8,1.8,1.3,0.8,1.2,0.9,1.7,1,1.2,0.8,0.9,0.8,1.8,1.5,1.2,0.7,2,3.1,1.8,1.1,1.1,1,1,1.8,0.6,1.3,2.1,2,1,1.5,0.8,0.9,0.9,0.9,1.7,1.5,2.9,1.6,1.6,2.2,1,1.9,2.9,1,1.5,1,0.8,2.1,2.8,1,1,1.6,0.8,1,0.6,0.7,0.8,2,1.2,1.5,1.1,0.8,1.1,0.9,1.927,"Hispanic or Latino, percent, July 1, 2015,  (V2015)  (b)",1.1,1.5,0.7,2,6.8,0.9,1.6,1.4,5,1.5,1.2,1.5,2.9,0.8,7.3,3,4.2,0.8,3.7,8.6,3.6,1.3,2.7,1.5,1.2,5.2,6,1.1,4,10.1,3.2,6.6,0.9,1.4,1.9,2.1,1.9,9.8,22.4,12,1.3,12.4,2.8,4.9,14.9,1.4,1.4,3.9,1.1,10.5,14,1.8,3.3,5.8,1.8,1.4,1.4,1.8,2.2,7,1.1,1.6,4.4,1,1.1,1.9,6.828,"Hispanic or Latino, percent, April 1, 2010  (b)",0.9,1.2,0.5,1.6,6,0.4,1.4,1.1,4.3,1.1,1,1.1,2.3,0.6,6.5,2.4,3.3,0.6,3,7,2.7,0.9,2,1.2,0.8,4.3,5.4,0.8,3.4,8.6,2.5,5,0.6,1.1,1.6,1.7,1.3,6.7,18.8,9.3,1,10.5,1.8,4.3,13.1,1.1,1.1,2.8,1,9,12.3,1.3,2.4,5.2,1.3,1,1.1,1.4,1.7,5.6,0.9,1.1,3.4,0.7,0.9,1.5,5.729,"White alone, not Hispanic or Latino, percent, July 1, 2015,  (V2015)",96.9,89.8,97.2,79.1,89.3,97,93,95.1,84.8,96.1,94.8,95.2,93,96.1,80.1,86,92.4,97.6,68.1,67.5,87,94.9,93.3,93.4,96.3,88.7,74,92.1,85,82.6,94.8,87,97.2,93.7,91,93.6,90.9,84.1,66.9,83.5,92.3,77.9,91.6,76.6,67.6,96.1,90.5,91.6,96.9,81,35.4,95.6,92.8,84.5,96.3,96,94.7,92.9,95.2,84.2,94.1,92.6,90.6,96.9,96,95.4,77.430,"White alone, not Hispanic or Latino, percent, April 1, 2010",97.5,90.4,97.7,80.6,90.6,98,93.3,95.9,86.9,96.7,95.6,95.9,94.4,96.8,82.1,87.9,93.7,98.1,71.1,69.9,89.4,95.7,94.4,94.1,96.9,90.2,75.8,92.9,86.5,84.9,95.7,89.7,97.9,94.4,91.9,94.5,91.9,88.2,71.6,86.9,93.2,81,94.2,79,70.5,96.8,91,93.2,97.4,82.9,36.9,96.6,94.3,85.2,97.1,96.6,95.5,94.7,96,86.2,94.8,93.4,92,97.6,96.5,96.4,79.532,"Veterans, 2011-2015",3973,14688,5974,85568,8040,556,12171,14417,38132,5976,11930,3119,7096,2856,28224,9399,5827,2840,30721,18585,20354,7229,4578,2958,1237,12446,679,11090,21246,32726,1569,16842,3610,6320,3666,3785,9628,25317,21595,10609,7015,20798,1519,45744,11523,3965,9802,12935,1577,4966,66590,3836,8691,3095,3715,3739,6315,797,2431,32862,30773,17004,4567,3980,5092,2311,87077033,"Foreign born persons, percent, 2011-2015",0.5,1.8,0.5,5.5,4,1.4,1.2,2,8.3,1.4,1.1,1.5,2.9,1.2,9.1,7.9,2.6,1,9.6,7,5.7,1.2,2.4,0.6,0.7,3.3,2.1,1,4.3,4.5,1.9,5.1,0.6,1.8,1.1,1.7,1.5,5.4,10.5,3.9,1.4,7,2.9,10.2,10.9,0.8,1.4,1.9,1.1,8.8,12.7,1.3,1.3,3.2,1.5,1.2,0.8,1.8,1.2,3.5,1.5,2,3.1,1.2,0.8,1.5,6.335,"Housing units,  July 1, 2015,  (V2015)",24012,78327,32338,590680,41462,4387,65126,80787,247207,30124,56011,18985,38579,20233,196755,65478,34387,17529,221874,122194,103561,44309,29594,16441,7109,64325,8652,62971,120094,207090,11009,98370,22424,38602,22397,21004,52671,148211,143847,56464,40675,121581,8048,328589,80720,21513,51562,69113,12814,38547,672588,20540,44874,17078,23020,21506,37889,6298,16140,181068,168225,94124,31903,23332,27228,13314,560281336,"Housing units, April 1, 2010",23954,78211,32520,589201,40820,4455,65650,78167,245956,29979,56276,19080,38644,19962,192462,63297,34299,17585,222902,120406,99988,44686,29498,16460,7122,63219,8760,62773,119138,202952,10978,96832,22434,38236,22365,21225,52500,148748,142613,55592,40975,120363,7965,325735,80359,21537,51733,69323,12932,38350,670171,20424,45125,16997,22968,21364,38113,6304,16027,178671,168199,92977,31653,23560,27464,13254,556731537,"Owner-occupied housing unit rate, 2011-2015",79.7,73,75.1,64.8,77.3,70.3,73.9,76.8,76.4,74.6,71.8,71.3,77.2,69.3,75.1,60.5,78.3,78.1,69.9,63.5,70.7,73.5,70.4,73.1,79.1,71.7,82.7,71.7,65.7,68.9,75.4,66.6,74.7,70.8,76.2,73.7,70.1,67.6,66.6,70.5,73.9,71.8,72.4,72.6,78.4,70.4,73.7,74.9,77.1,84.1,52.6,78.8,71.2,71.5,76.7,74.3,78.6,83.3,74.6,74.2,76.6,75.8,80.2,76.6,76.3,77.9,69.238,"Median value of owner-occupied housing units, 2011-2015",122700,120100,96000,129600,193100,70600,87100,178100,308800,135900,110600,117400,87300,107100,325800,197200,144700,90700,232700,159200,188400,104800,140600,97400,153200,173400,84400,88900,118200,189200,141700,144800,90300,107000,119000,76200,138500,122700,191700,163800,97300,206100,163400,292300,174500,97800,107900,93000,101200,183200,145300,159900,104300,160200,150700,124700,98800,145800,144700,168400,138500,152400,179000,89700,81200,159500,16600039,"Median selected monthly owner costs -with a mortgage, 2011-2015",1062,1168,1035,1282,1534,974,1001,1409,2070,1140,1037,1114,985,981,2191,1453,1326,942,1846,1377,1456,1052,1175,994,1176,1345,836,989,1122,1464,1144,1294,928,1091,1056,915,1194,1210,1574,1339,1057,1667,1257,2011,1709,1029,1047,1117,1066,1489,1239,1324,1078,1255,1200,1141,1056,1130,1150,1490,1189,1246,1358,956,909,1242,142540,"Median selected monthly owner costs -without a mortgage, 2011-2015",367,461,393,501,514,366,421,464,751,429,399,456,414,365,758,491,537,384,712,517,501,410,436,396,381,440,328,379,448,544,381,536,360,399,387,367,463,483,595,515,412,626,446,749,638,441,401,472,395,552,440,463,433,467,482,437,405,424,433,536,440,420,507,383,372,473,49841,"Median gross rent, 2011-2015",630,645,607,780,838,576,566,752,1137,673,638,661,582,608,1197,900,773,546,983,847,886,619,707,630,644,809,541,593,689,908,587,709,577,694,554,598,723,702,929,768,630,957,725,1158,1014,619,621,635,609,1118,922,734,613,697,714,688,580,578,694,851,654,675,826,576,578,736,84042,"Building permits, 2015",49,104,25,2957,240,0,47,964,1066,121,117,41,192,73,1299,389,59,40,349,715,831,57,153,36,26,231,2,164,267,1154,35,593,6,53,48,30,159,204,680,384,53,328,37,1402,152,66,107,99,12,76,3666,69,51,46,70,28,104,8,79,778,393,657,94,22,47,34,2285444,"Households, 2011-2015",20000,70079,28524,529534,38193,2170,57465,74476,233066,24358,51034,14796,31817,15830,186057,57183,25751,13244,203817,109623,95950,34575,26178,14394,5960,58570,1974,53997,109934,195330,9393,85034,18479,34061,17225,17400,45906,128692,133960,52267,36435,112927,7380,308626,57297,18714,45546,58554,6669,21079,581050,18085,39375,14916,17487,16611,29619,2669,14442,167416,151173,83739,19306,17113,22129,10894,495885945,"Persons per household, 2011-2015",2.43,2.38,2.36,2.26,2.55,2.2,2.28,2.42,2.65,2.52,2.41,2.52,2.38,2.39,2.66,2.47,2.48,2.34,2.65,2.41,2.38,2.42,2.4,2.33,2.46,2.56,1.86,2.41,2.43,2.64,2.61,2.41,2.38,2.41,2.36,2.29,2.42,2.39,2.6,2.54,2.38,2.56,2.41,2.57,2.89,2.46,2.37,2.38,2.57,2.66,2.59,2.49,2.27,2.38,2.41,2.47,2.42,2.22,2.62,2.57,2.33,2.42,2.47,2.35,2.38,2.52,2.4946,"Living in same house 1 year ago, percent of persons age 1 year+, 2011-2015",92.8,89.4,90.6,86.8,87.3,88.3,88.8,88.8,91.5,91.4,89.1,86.1,88.9,83.1,89.7,74,89.7,92.5,90.3,85.5,85.3,87.8,87.7,86.4,91.9,88.9,83.5,91.6,85.3,89,92,88.1,88.8,81.3,88.1,87.1,86.7,87.9,86.1,88,90.9,87.7,89.3,89.5,90.2,88.4,88.8,90.4,91.5,90.3,85.8,89.7,89.4,83.8,90.5,88.6,92.1,90.1,89,87.2,90.7,88.2,88.7,90.3,87.2,88.1,8847,"Language other than English spoken at home, percent of persons age 5 years+, 2011-2015",3.1,2.8,1.8,7.2,6.4,1.6,2.9,2.9,11.2,2.7,2.6,5.6,4.4,4.1,11.9,10.3,4.3,1.7,11.7,11.4,8.2,6.2,3.2,3.4,1.6,6.9,8.1,2.4,6.7,15.8,9.2,8.9,3.8,6.3,3.5,2.8,3.6,9.7,22.8,10.8,4.3,12.4,5.9,13.2,15.3,8.9,4.6,4.6,2.2,11.6,22.1,4.2,4.2,9.4,2.5,2,3.9,2.7,10.2,7,2.9,3.3,5.7,3.1,1.9,2.4,10.649,"High school graduate or higher, percent of persons age 25 years+, 2011-2015",86,91.7,88.9,93.5,87.3,89.5,89.6,93,93.5,88.5,90.5,87.1,87.1,88.7,92.7,93.2,88.7,91.1,92.2,88.8,91.5,87.7,88.5,86.9,85.1,86,80.5,86.8,90.8,84.5,81.7,89.9,88.6,88.5,88.8,89.7,88,88.9,87.4,85.7,89.2,89.8,89.4,93.8,89.7,82.2,89.1,87.5,87.8,91,82,88.5,85.6,83.9,89.1,88.4,86.5,89.6,82.4,88.3,92.7,91.3,89.3,90.5,89,91.2,89.250,"Bachelor's degree or higher, percent of persons age 25 years+, 2011-2015",13.5,22.8,15,37.8,21.7,15.7,19.1,32.3,37.4,17.6,19.6,16.9,13.2,20.1,49.1,41.4,15.5,16.8,36,28.4,32.7,19.8,21.1,17.7,13.1,19,8.5,14.2,26.1,25.2,13.1,25.9,14.6,22.6,14.3,16.7,20.4,21.4,28.5,19.6,19.7,27.2,28.8,46.9,23,11.6,21.5,15.4,15.7,23.7,25.4,16,14.6,20.5,17.1,19.6,15.3,16.1,16.5,22.8,26.4,27.4,19.7,18.1,15.8,18.2,28.652,"With a disability, under age 65 years, percent, 2011-2015",12.6,10.4,13.9,8.8,9.1,14.3,12.6,7.5,6.6,10.5,11.8,10.1,12.2,11.7,5.2,6.7,13,10.4,8.1,10,7,12.1,8.7,13.6,10.7,8.3,20,13.3,11,7.7,8.4,10.3,10.8,9.4,10.9,12.6,10.2,10.8,10.6,8.7,11.4,8.3,9.8,5.9,9.9,12,11.3,12.1,12.3,12,12.4,9,10.6,7.7,12.1,10.9,10.9,14.3,7.5,9.3,10,10.1,12.9,12.8,13.4,10.3,9.553,"Persons  without health insurance, under age 65 years, percent",11.6,8.7,9.6,8,10.2,10.2,8.9,7.2,6.9,10.9,9.4,11.2,10.5,11.3,8.6,9.4,10.5,8.6,9.3,10.2,8.8,12.6,9.7,8.9,10.4,12.3,12.2,10.6,10.7,13.4,13.3,9.9,10.1,11.9,10.5,10.5,10.9,10.9,11.4,11.1,9.4,9.4,7.8,6.5,11.7,13,10.2,10.6,10.7,11.2,14.4,11.5,12.1,10.8,11.8,11.4,10.9,13.4,13.8,8.5,8.3,8.1,10.7,9.7,10.5,9.8,7.555,"In civilian labor force, total, percent of population age 16 years+, 2011-2015",60.4,61.9,58.2,64.4,64.4,56.8,54.9,64.6,68,56.5,59.3,58.6,54.5,56.3,68.8,58.2,59.6,60.7,65.1,65.6,65,57.6,56.7,49.8,59.9,63.2,18.5,52.5,62,66.4,59.5,59.7,58,57.4,52.9,57,61.7,60.4,65.5,64.7,57.8,63.8,59.4,68.3,63.6,56.9,56.5,57.2,53.2,58.7,59.7,66.3,56.9,49.8,59,56.8,55.5,50.6,63.1,66.6,61.1,62,52.7,58.8,57.9,61.2,62.856,"In civilian labor force, female, percent of population age 16 years+, 2011-2015",53.9,56.8,52.4,59.7,59.5,49.6,50.9,58.7,62.5,50.8,53.9,54.8,51.3,51.8,62.5,55.7,54.5,56.1,60.7,62.4,60.6,51.8,52.2,49.8,54.2,56.7,39.8,48.2,58.7,59.8,51.4,54.6,51.8,52.4,54,55.7,56.3,56.3,60.7,58.4,52.9,58.2,53.5,63.2,59,50.3,53.9,54.2,48.9,53.4,57.3,62,54.5,52.1,53.5,51.5,52.5,46.1,57.6,61.8,55.9,56.3,52.8,54,52.7,55.1,58.357,"Total accommodation and food services sales, 2012 ($1,000)  (c)",78629,191785,42742,2940576,185678,D,179029,326604,1136076,76189,199443,58041,99482,57431,846139,288988,112043,28302,878102,718316,465023,102834,109255,53343,10475,D,7460,211832,485439,878433,15390,411659,41628,117556,50286,44629,237891,515557,633017,146138,89022,941050,38724,1723215,724750,45189,188347,124430,12293,127221,3551722,21074,66187,89339,44071,65506,137192,D,79939,593286,516556,318020,144575,42301,55043,33694,2350419258,"Total health care and social assistance receipts/revenue, 2012 ($1,000)  (c)",148864,779616,246437,12756157,448158,D,1047349,1198551,3735597,560981,1149504,98295,576419,197334,3442650,767442,218963,146619,3952555,2181966,1650883,424553,D,141314,D,820531,35930,619786,2216462,3387524,37264,1805524,236584,360590,147439,209690,825824,2273087,4351173,772403,501693,1137248,D,7980211,643147,250961,866369,597126,88277,64182,17972603,49628,340847,315448,77938,153839,292208,D,104572,2604360,1809372,1301480,187997,253978,226599,42057,9632924859,"Total manufacturers shipments, 2012 ($1,000)  (c)",862951,4615008,324072,16279472,2148659,D,1798810,4630016,9681380,1975497,2115631,1676778,962412,471237,6633496,1053482,414985,1732631,7364871,3228906,3776427,1759240,1613375,101467,D,3179954,D,1324169,9437662,13655747,337098,D,887565,509632,667420,1615775,3186668,6627995,9889547,2743814,1819437,4081181,140654,14574655,D,1163014,3309403,3400000,69507,27068,19718568,102625,1194339,353280,124024,591709,836124,D,678674,11489433,7681478,3561898,104108,3515528,1388108,D,23139617860,"Total merchant wholesaler sales, 2012 ($1,000)  (c)",350554,1179512,217244,27237933,D,D,664908,3353848,12999722,D,2258357,D,703584,167292,19155070,538858,D,D,5482348,6655538,2666273,136295,118445,302769,139750,D,D,496635,1242517,8763973,54522,4374523,245457,D,94903,D,1271229,3435853,8062377,3913716,D,9979809,190155,17692109,D,D,644740,916608,D,31846,13181887,81353,1152014,D,569870,237661,443064,D,D,4340824,7333316,2869334,D,142027,D,106540,19117014761,"Total retail sales, 2012 ($1,000)  (c)",576180,1590246,551223,20553747,801241,30903,1733778,2902229,10185137,903685,2286728,582590,1331310,460431,12474878,1748674,562613,314470,6468800,3943863,4812854,973472,904832,883684,102928,1809457,24845,1638849,3752817,6899629,204433,3186342,556232,1318836,354345,401761,1878105,8097008,5550392,1695685,838738,3627410,167244,16036285,2140383,539420,1527348,1381912,152717,471375,12241299,317797,909670,479155,533564,563857,781086,64679,630192,5192354,4671741,2342057,711105,674640,636855,393453,17879494562,"Total retail sales per capita, 2012  (c)",11682,9341,8058,16719,7895,6257,12246,15690,16243,14392,17989,14743,16399,11614,24626,11269,8655,9967,11529,14625,20170,11113,13528,23203,6968,11961,3241,12081,13372,13097,8209,14856,12426,14950,7713,9316,16029,25222,15624,12537,9333,12121,9111,19836,12680,11533,13206,9397,8688,8284,7910,6954,9633,10659,12497,13243,10150,10011,15885,11859,12856,11221,13687,16396,11735,13989,1400864,"Mean travel time to work (minutes), workers age 16 years+, 2011-2015",27.8,25,28.8,26.4,27.2,15.9,23.7,26.2,29,22.9,19.2,22.8,24.9,23.1,27.7,20.3,31.7,18.2,28.3,21.6,21.6,21.7,22.1,26.5,32.1,23.5,23.4,26.2,19,22.9,28.8,20.6,22.9,22.2,28.9,20.2,20.2,22.1,24.9,23.2,22.8,27.7,20.5,27.9,38.7,23.5,20.5,25.9,24.3,44,32.5,32.3,23.4,22.6,27.5,23.9,23.2,28.9,23.4,27.1,26.7,26.7,30.3,20.5,22,26.2,26.366,"Median household income (in 2015 dollars), 2011-2015",45930,50581,44942,53040,60356,39897,42107,60934,77568,48987,43981,45078,42257,42536,85976,52186,49973,46671,65123,53754,61820,44579,45374,46661,48311,53916,35533,39636,45971,57721,47398,46271,42903,45195,44396,43965,47313,45897,56117,55499,44571,60972,54648,80675,57365,41288,44156,45535,40654,60180,38253,57177,42406,49803,50477,46494,44587,44189,49917,58269,52247,56450,49919,44020,43644,51004,5359967,"Per capita income in past 12 months (in 2015 dollars), 2011-2015",23195,27233,24391,32848,27870,25240,23410,32301,38795,25577,23865,21937,21362,22136,42556,26492,25398,24647,34064,29461,32398,22726,23580,23232,23435,26025,13645,22014,24856,27158,22170,25608,22282,23450,21714,23554,24194,25224,28688,26526,24450,30176,30272,42275,25022,20769,23683,23682,22318,28533,22919,27019,23291,22863,25958,23980,22980,25054,23836,28403,29472,30605,24539,24830,23380,26087,2929168,"Persons in poverty, percent",13.6,11.7,13.8,13.1,10.8,14.2,15.3,8.9,6.6,12.9,15,17.4,16.5,15.1,7.3,17.9,13,10.5,11,13.4,9.1,14.9,14.3,16.5,13.3,11.9,21.9,20.2,16.4,10.5,12.3,15.4,13.3,17,15.1,16.6,16,15.8,12.8,10.9,13.2,10,11.2,7.1,13.3,16.3,14.6,13.5,14.3,10.6,25.8,8.7,15.9,13.4,12.8,16.3,13.5,14.4,13.1,10.2,10.1,10.7,13.9,14.1,16.2,10.9,13.269,Businesses,"Bedford County, Pennsylvania","Beaver County, Pennsylvania","Armstrong County, Pennsylvania","Allegheny County, Pennsylvania","Adams County, Pennsylvania","Cameron County, Pennsylvania","Cambria County, Pennsylvania","Butler County, Pennsylvania","Bucks County, Pennsylvania","Bradford County, Pennsylvania","Blair County, Pennsylvania","Clinton County, Pennsylvania","Clearfield County, Pennsylvania","Clarion County, Pennsylvania","Chester County, Pennsylvania","Centre County, Pennsylvania","Carbon County, Pennsylvania","Elk County, Pennsylvania","Delaware County, Pennsylvania","Dauphin County, Pennsylvania","Cumberland County, Pennsylvania","Crawford County, Pennsylvania","Columbia County, Pennsylvania","Greene County, Pennsylvania","Fulton County, Pennsylvania","Franklin County, Pennsylvania","Forest County, Pennsylvania","Fayette County, Pennsylvania","Erie County, Pennsylvania","Lancaster County, Pennsylvania","Juniata County, Pennsylvania","Lackawanna County, Pennsylvania","Jefferson County, Pennsylvania","Indiana County, Pennsylvania","Huntingdon County, Pennsylvania","McKean County, Pennsylvania","Lycoming County, Pennsylvania","Luzerne County, Pennsylvania","Lehigh County, Pennsylvania","Lebanon County, Pennsylvania","Lawrence County, Pennsylvania","Northampton County, Pennsylvania","Montour County, Pennsylvania","Montgomery County, Pennsylvania","Monroe County, Pennsylvania","Mifflin County, Pennsylvania","Mercer County, Pennsylvania","Schuylkill County, Pennsylvania","Potter County, Pennsylvania","Pike County, Pennsylvania","Philadelphia County, Pennsylvania","Perry County, Pennsylvania","Northumberland County, Pennsylvania","Union County, Pennsylvania","Susquehanna County, Pennsylvania","Tioga County, Pennsylvania","Somerset County, Pennsylvania","Sullivan County, Pennsylvania","Snyder County, Pennsylvania","York County, Pennsylvania","Westmoreland County, Pennsylvania","Washington County, Pennsylvania","Wayne County, Pennsylvania","Warren County, Pennsylvania","Venango County, Pennsylvania","Wyoming County, Pennsylvania",Pennsylvania70,"Total employer establishments, 2014",1032,3445,1320,33614,1930,112,3286,4815,18952,1383,3174,760,2014,933,14024,3290,1140,882,12675,6718,5805,2020,1392,762,262,3017,107,2676,6176,12414,461,5372,1147,1894,829,1044,2826,7169,8448,2641,1994,6237,450,25984,3350,959,2794,2812,349,886,27395,777,1639,902,886,887,1688,161,875,8611,8683,5091,1295,923,1196,667,298297(1)71,"Total employment, 2014",12873,50618,14409,703336,28076,1613,47647,80370,244396,19952,50319,10657,26170,10982,244291,45984,13372,14499,214886,141108,115978,27502,22893,14203,FN(1),48464,1225,36687,112761,220898,5923,96324,14023,26933,9529,13223,46628,131081,169299,44254,27359,97821,14550,495469,45985,13750,45667,40196,4230,8200,594334,6310,24382,15882,7146,11125,18761,1231,14882,159950,123755,83500,12282,14084,16234,11354,5255409(1)72,"Total annual payroll, 2014 ($1,000)",413044,1919471,501626,35282433,1000843,53627,1645990,3591983,10758214,841052,1719118,379124,908618,331019,16297503,1714997,388680,549402,11868484,6805560,5018527,914675,794237,753612,D,1767029,38895,1226227,4257751,8930940,180392,3359661,501377,1010447,288641,473284,1773137,4894393,8529928,1588645,946707,4084130,950467,29281719,1727935,492101,1563823,1442920,154151,213553,32447004,161608,844175,548818,225454,409649,657752,30841,418034,6407197,4979467,4393484,392741,515525,559491,703700,248560941(1)73,"Total employment, percent change, 2013-2014",-3.2,3,-0.4,1.1,0.5,2.2,-1,0.5,-0.6,2,-3.3,-2.7,-0.3,0.6,2.1,2.7,0.6,4.9,2,-0.8,1.5,-0.3,0.2,-2.6,,1.4,14.7,4.1,-0.8,3.5,10,0.1,4.1,5.8,-2.9,-5.6,-0.1,1.4,2.4,1.3,2.2,1,0.6,3.1,3.6,-1.7,1.4,-0.5,0.4,5.7,2,1,5.4,6.5,0.7,-1.8,-0.1,-0.2,3.1,0.6,0.5,1.5,0.4,0.7,-1.6,3,1.4(1)74,"Total nonemployer establishments, 2014",3268,8601,3574,77932,6475,224,6180,11596,51033,3495,6089,1837,4235,2401,41146,9489,3334,1601,40100,15753,15332,5472,3198,1543,950,8944,273,6245,13951,40764,1817,11916,2950,4941,2492,2112,6190,16573,21794,8107,4960,17553,1045,68190,10218,2646,6479,6736,1297,3803,84805,2863,4434,2714,3202,2561,4609,481,2884,25586,21305,12479,3887,2160,2905,1774,79966375,"All firms, 2012",3715,11951,4749,96501,7450,401,8860,14107,64386,4187,7961,2623,6149,2685,48950,12182,4753,2861,48557,18873,19169,7628,4590,2095,1246,11618,220,8105,18667,47876,2276,16099,4402,7036,2984,2915,8112,21934,26456,9112,6244,22663,1262,81437,12777,3036,8797,8492,1443,5026,104439,3134,5138,3035,3968,3850,5941,619,3550,30435,27796,15079,5270,2370,3590,2119,97545376,"Men-owned firms, 2012",2271,7488,2768,56123,4222,210,4632,8186,40579,2295,4329,1369,3426,1545,29578,7216,2882,1401,29073,10921,10769,5288,2771,1265,822,6692,120,4709,10882,28521,1374,9777,2949,4126,1843,1733,4612,13109,15555,5327,3411,12925,708,49306,7399,1861,5468,5145,894,2852,55745,1985,3218,1977,2563,2558,3513,378,2077,17577,16593,8876,3336,1697,2022,1240,57940077,"Women-owned firms, 2012",812,3383,1301,30671,2403,164,2856,4203,17690,1340,2159,788,1808,638,13877,3436,1441,1048,15326,6072,6262,1397,1162,521,308,3752,74,2343,5581,14101,662,4533,1013,2041,904,631,2326,6611,8240,2578,1952,7413,351,23821,4123,809,2345,2444,336,1669,40906,812,1212,732,828,846,1579,150,1123,9569,8449,4718,1043,476,1080,573,30480378,"Minority-owned firms, 2012",62,450,27,12104,201,F,523,484,5202,80,225,91,91,57,4119,749,281,52,9764,3558,1431,101,121,F,36,642,F,369,1267,3569,F,1154,78,229,87,86,274,2156,5698,758,237,3460,50,10000,2174,44,371,390,F,486,48743,47,90,64,34,71,98,F,94,2376,906,679,179,49,129,44,13151279,"Nonminority-owned firms, 2012",3472,11025,4567,80217,6988,382,7807,13077,57516,3954,7252,2428,5805,2443,42770,10863,4253,2573,37220,14252,16936,7219,4221,1969,1174,10513,201,7430,16593,42926,2201,14386,4169,6507,2791,2675,7456,18842,19714,7999,5701,18503,1157,68260,10154,2874,8024,7749,1388,4418,51842,3015,4817,2866,3866,3669,5619,580,3308,26851,25985,13752,4893,2181,3249,1949,81885880,"Veteran-owned firms, 2012",465,1309,610,9916,850,38,789,1547,6536,500,1009,198,898,480,4636,1055,523,443,5133,2080,2010,745,557,293,143,1384,25,856,1639,4103,162,1535,492,864,347,438,872,2264,2144,881,611,1720,83,7572,1140,201,1059,984,93,447,8061,567,690,437,354,533,638,62,294,3169,3055,1591,653,360,406,282,9796981,"Nonveteran-owned firms, 2012",2971,9981,3859,81176,6145,342,7308,11548,55244,3513,6036,2286,4877,1994,41788,10278,4010,2079,41202,15716,16033,6354,3750,1666,1071,9679,180,6734,16019,41749,2030,13620,3753,5847,2531,2280,6652,18271,22868,7856,5196,19766,1085,69382,11021,2649,7156,7027,1183,4345,92065,2415,4041,2444,3383,3092,4851,534,3063,25844,23377,12689,4239,1860,2842,1657,83779282,Geography,"Bedford County, Pennsylvania","Beaver County, Pennsylvania","Armstrong County, Pennsylvania","Allegheny County, Pennsylvania","Adams County, Pennsylvania","Cameron County, Pennsylvania","Cambria County, Pennsylvania","Butler County, Pennsylvania","Bucks County, Pennsylvania","Bradford County, Pennsylvania","Blair County, Pennsylvania","Clinton County, Pennsylvania","Clearfield County, Pennsylvania","Clarion County, Pennsylvania","Chester County, Pennsylvania","Centre County, Pennsylvania","Carbon County, Pennsylvania","Elk County, Pennsylvania","Delaware County, Pennsylvania","Dauphin County, Pennsylvania","Cumberland County, Pennsylvania","Crawford County, Pennsylvania","Columbia County, Pennsylvania","Greene County, Pennsylvania","Fulton County, Pennsylvania","Franklin County, Pennsylvania","Forest County, Pennsylvania","Fayette County, Pennsylvania","Erie County, Pennsylvania","Lancaster County, Pennsylvania","Juniata County, Pennsylvania","Lackawanna County, Pennsylvania","Jefferson County, Pennsylvania","Indiana County, Pennsylvania","Huntingdon County, Pennsylvania","McKean County, Pennsylvania","Lycoming County, Pennsylvania","Luzerne County, Pennsylvania","Lehigh County, Pennsylvania","Lebanon County, Pennsylvania","Lawrence County, Pennsylvania","Northampton County, Pennsylvania","Montour County, Pennsylvania","Montgomery County, Pennsylvania","Monroe County, Pennsylvania","Mifflin County, Pennsylvania","Mercer County, Pennsylvania","Schuylkill County, Pennsylvania","Potter County, Pennsylvania","Pike County, Pennsylvania","Philadelphia County, Pennsylvania","Perry County, Pennsylvania","Northumberland County, Pennsylvania","Union County, Pennsylvania","Susquehanna County, Pennsylvania","Tioga County, Pennsylvania","Somerset County, Pennsylvania","Sullivan County, Pennsylvania","Snyder County, Pennsylvania","York County, Pennsylvania","Westmoreland County, Pennsylvania","Washington County, Pennsylvania","Wayne County, Pennsylvania","Warren County, Pennsylvania","Venango County, Pennsylvania","Wyoming County, Pennsylvania",Pennsylvania83,"Population per square mile, 2010",49.2,392.3,105.5,1675.6,195.5,12.8,208.7,233.1,1034.7,54.6,241.7,44.2,71.3,66.6,664.7,138.7,171.1,38.6,3040.5,510.6,431.6,87.7,139.3,67.2,33.9,193.7,18.1,172.8,351.1,550.4,63,467.1,69.3,107.5,52.5,44.4,94.5,360.4,1012.5,369.1,254.4,805.4,140.3,1655.9,279.2,113.6,173.4,190.4,16.1,105.3,11379.5,83.4,206.2,142.2,52.7,37,72.4,14.3,120.8,481.1,355.4,242.5,72.8,47.3,81.5,71.2,283.984,"Land area in square miles, 2010",1012.3,434.71,653.2,730.08,518.67,396.23,688.35,788.6,604.31,1147.4,525.8,887.98,1144.72,600.83,750.51,1109.92,381.46,827.36,183.84,525.05,545.46,1012.3,483.11,575.95,437.55,772.22,427.19,790.34,799.15,943.81,391.35,459.08,652.43,827.03,874.64,979.2,1228.59,890.33,345.17,361.83,358.18,369.67,130.24,483.04,608.29,411.03,672.58,778.63,1081.32,544.96,134.1,551.45,458.37,315.98,823.44,1133.79,1074.37,449.94,328.71,904.18,1027.55,856.99,725.6,884.14,674.28,397.32,44742.785,FIPS Code,"""42009""","""42007""","""42005""","""42003""","""42001""","""42023""","""42021""","""42019""","""42017""","""42015""","""42013""","""42035""","""42033""","""42031""","""42029""","""42027""","""42025""","""42047""","""42045""","""42043""","""42041""","""42039""","""42037""","""42059""","""42057""","""42055""","""42053""","""42051""","""42049""","""42071""","""42067""","""42069""","""42065""","""42063""","""42061""","""42083""","""42081""","""42079""","""42077""","""42075""","""42073""","""42095""","""42093""","""42091""","""42089""","""42087""","""42085""","""42107""","""42105""","""42103""","""42101""","""42099""","""42097""","""42119""","""42115""","""42117""","""42111""","""42113""","""42109""","""42133""","""42129""","""42125""","""42127""","""42123""","""42121""","""42131""","""42"""